city,best_mae,objective,n_estimators,learning_rate,num_leaves,min_child_samples,subsample,colsample_bytree,reg_alpha,reg_lambda,tweedie_variance_power,subsample_freq,random_state,verbose
sj,20.076923076923077,tweedie,800,0.03405845121702895,25,5,0.8502474999627919,0.9738540701025828,0.28064532064191905,0.07005284420501576,1.1128045006195448,1,42,-1
iq,7.939903846153847,tweedie,100,0.013552562549194362,63,40,0.9810719665944272,0.9952407371998658,0.024180213956634614,0.011008323107692456,1.5284707630485503,1,42,-1
