city,trial_number,state,mae,objective,n_estimators,learning_rate,num_leaves,min_child_samples,subsample,subsample_freq,colsample_bytree,reg_alpha,reg_lambda,tweedie_variance_power,random_state,verbose
sj,0,COMPLETE,32.80528846153847,tweedie,350,0.07220721098226064,48,50,0.6624074561769746,1,0.662397808134481,0.00018747059221802545,2.142302175774105,1.5207805082202461,42,-1
sj,1,COMPLETE,28.782451923076927,tweedie,600,0.010437335666720523,62,68,0.6849356442713105,1,0.6727299868828402,0.0007274653135669422,0.003320559103751959,1.4673295021425665,42,-1
iq,0,COMPLETE,9.85576923076923,tweedie,350,0.07220721098226064,48,50,0.6624074561769746,1,0.662397808134481,0.00018747059221802545,2.142302175774105,1.5207805082202461,42,-1
iq,1,COMPLETE,10.21875,tweedie,600,0.010437335666720523,62,68,0.6849356442713105,1,0.6727299868828402,0.0007274653135669422,0.003320559103751959,1.4673295021425665,42,-1
